Close,High,Low,Open,Volume
AAPL,AAPL,AAPL,AAPL,AAPL
72.40048217773438,72.4607456043254,71.15664417013055,71.40974761926273,135480400
71.6966323852539,72.45595040957373,71.47245410922795,71.6291376132339,146322800
72.26793670654297,72.3065062028637,70.56851011431775,70.81920816221287,118387200
71.92803955078125,72.5330795245145,71.70867973246871,72.27756311117845,108872000
73.0851058959961,73.38642316119072,71.63155170295238,71.63155170295238,132079200
74.63748168945312,74.83032176731344,73.81066900497032,74.06135963491325,170108400
74.80622863769531,75.37030104945943,74.30483992947904,74.87131787710281,140644800
76.40442657470703,76.43094632364196,75.0039042885127,75.1220256778742,121532000
75.3727035522461,76.55146021431688,75.24977111147209,76.34174457661803,161954400
75.0496826171875,76.05246721987251,74.61819429330173,75.17262239843001,121923600
75.98981475830078,76.1007048279931,75.23049658770428,75.5920773695483,108829200
76.8310775756836,76.83348311126043,75.9319442855303,76.2380799522902,137816400
76.31043243408203,76.90101005625795,76.17302994996994,76.45988467025404,110843200
76.58279418945312,77.13480208755844,76.4887796776353,76.79491535128935,101832400
76.95159149169922,77.03113599263217,76.08861494453882,76.63581166676181,104472000
76.72986602783203,77.93995395291937,76.53943138777163,77.19751118055888,146537600
74.47360229492188,75.1533686742089,73.49251119660474,74.7411685818915,161940000
76.58041381835938,76.751560026989,75.25461737288055,75.35345035430926,162234000
78.18341064453125,79.02951207503841,77.46989325521864,78.20993039532226,216229200
78.07011413574219,78.12314628033491,76.83591952309017,77.26740800153176,126743200
74.60856628417969,77.78324080814086,74.31448034488959,77.36139664518089,199588400
74.40367889404297,75.56796570063159,72.85129158100523,73.35268032975995,173788400
76.8600082397461,77.05044280806926,75.60170706629567,76.00667569866678,136616400
77.4867172241211,78.28460440749473,76.8840829553268,77.98569280783751,118826800
78.39311218261719,78.39552507490272,77.1999001655233,77.7567339114429,105425600
77.3275375366211,78.14181565091206,76.83703724788526,77.89294126547146,117684000
77.69481658935547,77.69481658935547,75.83430131081457,75.914034625019,109348800
77.22606658935547,78.26264398287658,77.00860470842123,78.19015914717811,94323200
79.06001281738281,79.06484268174145,77.67549348632544,77.67549348632544,113730400
78.49698638916016,78.8231827517843,78.12971776259822,78.33268258573789,94747600
78.51634979248047,78.76522420824622,78.00893385896474,78.4656030374421,80113600
77.07866668701172,77.25988612279623,76.01792538344428,76.19914481922879,152531200
78.19498443603516,78.42453202537972,77.32029972520789,77.32029972520789,93984000
77.39276885986328,78.44384294584167,76.88777163956716,77.95576130740083,100566000
75.6409683227539,77.42900548652433,75.02482536350576,76.98682605793252,129554000
72.04801177978516,73.49776723386336,69.88546431842104,71.8257200728422,222195200
69.60758209228516,73.0990790994302,69.13641603822464,72.71731344350151,230673600
70.71182250976562,71.97552869907848,69.22582460812832,69.23307309062069,198054800
66.08952331542969,69.10501764925158,65.95421338126829,67.92105203842019,320605600
66.05086517333984,67.27108062705318,61.94564270332902,62.16069333508348,426510000
72.20024871826172,72.83572613943491,67.10435837488609,68.20617210459764,341397200
69.90721130371094,73.45427795635602,69.05668336601278,73.37454464911569,319475600
73.14983367919922,73.30930768219956,70.82781196815235,71.62759322830975,219178400
70.77705383300781,72.37902717401828,70.41219640582361,71.40527520257908,187572800
69.83711242675781,70.26962472141419,67.95243392720576,68.13848315926569,226176800
64.31356811523438,67.19374467213605,63.54761077884886,63.72883020122201,286744800
68.94551849365234,69.21130840087326,65.08675341116529,66.96419096693461,285290000
66.55103302001953,67.95004932218703,65.68842661681832,67.02462518678024,255598800
59.97879409790039,65.23899079548863,59.923221175115486,61.84173134619349,418474000
67.16474151611328,67.63591489908035,61.119261384040925,64.00427846865324,370732000
58.52421569824219,62.60044010140755,57.99022079286357,58.4613905994218,322423600
61.0975227355957,62.245242026979696,57.60361074150865,59.80482274842446,324056000
59.601863861083984,60.406478598445545,57.29433564123959,57.93464652653443,300233600
59.14518737792969,61.09269153777121,58.62085961850456,59.77583112302971,271857200
55.39032745361328,60.848656123776394,55.09070998430256,59.72509337905043,401693200
54.21360397338867,55.21152015646839,51.372084613414366,55.1100377172106,336752800
59.652618408203125,59.848334846629584,56.612963377579604,57.110712267138126,287531200
59.32398986816406,62.39988643227555,59.02920598580545,60.587692247407915,303602000
62.44580078125,62.503788640032134,59.526959345508246,59.565620375975534,252087200
59.86040115356445,61.82481719246613,59.69367869443923,61.07094557233669,204216800
61.568702697753906,61.74025873047765,60.26150553022684,60.585287078823825,167976400
61.44306182861328,63.424393901395085,60.8897400197262,61.7595949233472,197002000
58.21009826660156,60.09719601446135,57.78000444616135,59.560786204803335,176218400
59.18143844604492,59.234596446659125,57.241182484383906,58.072376290076036,165934000
58.33091735839844,59.36749098851091,57.74134949209258,58.66677725772262,129880000
63.41954040527344,63.574177122829745,60.25665875100896,60.62392740731182,201820400
62.684993743896484,65.6497477016824,62.58109639604837,65.43227853328378,202887200
64.28941345214844,64.60352421399418,63.1199448269442,63.484794969799864,168895200
64.7533187866211,65.25590475851683,63.95837493137018,64.92487847473,161834800
66.0242691040039,66.1330036952468,64.23140190068074,64.83063671400997,131022800
69.35870361328125,69.64865760923763,67.18407076511772,67.65524416508772,194994800
68.72566223144531,69.18475002856255,67.80748663721087,68.23516188327974,131154400
69.27172088623047,69.63657830758835,68.22306550095219,69.43844332553729,157125200
68.3318099975586,69.33456350529407,66.89655138464681,68.7884865443206,215250000
66.91345977783203,68.06118282102301,66.89413295001411,67.15992291899424,130015200
64.84513854980469,66.99077762058634,64.1347578473476,66.75640021366904,180991600
66.71289825439453,67.14782183221747,65.77055891988769,66.11124487734209,116862400
66.4543685913086,68.07809487584751,66.41570756383898,66.65733345514633,124814400
68.37287139892578,68.38253849821193,66.93036468813068,66.97869281072518,126161200
68.42121887207031,68.7522452213369,67.64318307081028,68.09018514896542,117087600
67.31216430664062,69.06395271480235,67.22035262547978,68.88273322430287,112004800
69.52304077148438,69.9917957281478,68.5951979613223,68.79816288474782,137280800
70.98967742919922,71.16606696831562,69.67282086621682,70.06183497622997,183064000
69.84680938720703,72.24615310349837,69.06877359729275,69.16542249456992,240616800
70.83505249023438,70.96311392727311,69.1823321546666,69.87096747127923,133568000
71.89820098876953,72.72939466051092,71.1491592367676,71.2941362490643,147751200
72.63999938964844,73.27063948300304,72.21473542323028,72.59891973995855,142333600
73.39146423339844,73.7369949485584,72.9637889533335,73.2658213930559,115215200
75.13829040527344,75.19159229593362,73.72337622769179,74.05045567520663,133838400
76.32061767578125,76.81486350373997,74.4380975285037,74.64646215282984,145946400
75.44842529296875,77.45450365262057,75.32728527754581,77.00385895047138,162301200
74.53742218017578,76.54835012163572,73.46169865336998,75.62768191190082,200622400
74.99534606933594,75.0559160635201,73.05468108965971,73.77667808210235,158929200
74.55196380615234,74.5979975896763,72.7348641211466,72.76878686428954,166348400
76.30850982666016,76.68162311206635,75.18433442581173,75.8748339325949,135178400
75.86756896972656,77.17102926581177,75.83607138413613,76.32547436249678,101729600
77.34305572509766,77.41331160943199,76.68647152801736,76.72523721961544,111504800
76.76641082763672,77.7452239875939,76.5289737926269,77.20493698671349,102688800
77.26068115234375,77.3430554740474,76.40300778879455,76.5047612593345,81803200
76.73735046386719,78.5568683167511,76.68162339962899,78.37758347481825,125522000
77.0716781616211,77.21704762323688,75.85543536682479,76.59439371595593,112945200
77.1055908203125,78.36302429903517,76.47081856121721,76.74701384773941,133560800
77.03050231933594,77.80821903420895,76.67435043039059,77.34788852176631,153532400
77.9778060913086,78.09894607051093,76.85362353528801,76.98445678308985,80791200
78.33882904052734,78.36305852384227,77.27037315240064,77.7113246098117,87642800
78.77007293701172,79.03173947926652,78.08684155798949,78.65862620653965,104491200
78.0916748046875,78.89119567752222,77.71856161359257,78.5931960727843,87560400
80.31580352783203,80.37637351540958,78.31215100053369,78.34122341156335,137250400
80.79066467285156,80.82458741261365,79.30306972375939,80.01294815544179,95654400
83.34188079833984,83.73437314923221,80.439371619184,80.47086919688729,147712400
85.48605346679688,85.95365197826031,83.85066386558994,84.28918996715056,166651600
81.38184356689453,85.05480894028344,81.28009011611704,84.63081897651477,201662400
82.08446502685547,84.26498513269779,80.97482582626513,83.51876594974783,200146000
83.0996322631836,83.75136619138125,80.57749604693846,80.739826934257,138808800
85.30194854736328,85.5733083880593,83.51877109987304,85.15173611381705,165428800
85.18323516845703,86.10632149459083,85.062095153019,86.04575148687181,114406400
85.21714782714844,85.6338697266432,84.60902265567091,85.13961645194037,96820400
84.73015594482422,86.38735014117718,83.62293464807695,85.92217671437545,264476000
86.94701385498047,87.08995815364833,85.07661214341427,85.12264593038505,135445200
88.80289459228516,90.22023417459731,87.77077935086206,88.18992644325299,212155600
87.23531341552734,89.35041992465683,86.86220024275121,88.43217689431303,192623200
88.3934326171875,88.43219830369976,86.63205971274161,87.39039728120305,137522400
85.67748260498047,88.50973656249651,85.52968795154212,88.2892608623175,205256800
87.6520767211914,87.74656949028471,85.10813618086881,85.58542817799564,130646000
88.38372802734375,88.66962400453063,87.22078715611465,87.24016629998945,140223200
88.21656799316406,89.00397799978875,88.16811642903573,88.46127316123845,110737200
88.21656799316406,89.75747265090347,88.10270349025298,89.12270022857078,114041600
90.57637786865234,91.04397648582848,89.61210082402599,89.6435984064739,118655600
90.29534149169922,91.73206023970783,90.18389475245895,90.95434344364946,112424400
92.39832305908203,92.42982064230873,91.18449788463136,91.27172253001288,117092000
92.79566192626953,93.34320967936996,91.74901058829923,93.28990778547893,125642800
92.9579849243164,93.01613714978424,91.78050772022172,92.39105063414506,90257200
92.52912902832031,96.86836346538206,92.31592150674057,94.26142905046069,191649200
94.06037902832031,94.25177492913492,90.9785767404952,91.91134894412532,170989200
94.7072525024414,96.18273684605151,93.51038868590005,95.93318873658312,153198000
93.54187774658203,94.39712579079603,92.94344589283693,93.58064343111674,110577600
93.35289764404297,94.14757567538506,92.88044872986721,93.99252033438566,92186800
95.3202133178711,95.45831468469305,93.09608481622666,93.44012565034129,90318000
94.00463104248047,96.18515083470295,93.75508296201137,96.11004463336359,103433200
94.26872253417969,94.94952872983103,93.61941392094188,93.70663117027293,89001600
89.9779281616211,94.07972590175224,89.16871402354269,94.00219454397538,197004400
89.75505828857422,90.09909918615199,86.39221027249204,88.17782031323753,185438800
91.88227844238281,91.97434603902647,90.59335427077137,90.81624776325609,121214000
90.37285614013672,91.63028980605597,90.3680058085899,91.45342276195278,103625600
92.10517883300781,92.28931402530422,90.81867244089453,90.85501296732149,90329200
93.2196273803711,93.32380597480723,90.87193428863577,91.2789627928025,158130000
102.97869110107422,103.12890351490226,97.7115189842411,99.7079111699714,374336800
105.57349395751953,108.19011460238991,104.56076548592098,104.85876510860703,308151200
106.2785415649414,107.36880152265259,105.04048696818748,105.76248400195036,173071600
106.66377258300781,106.98358396526419,105.53474686841106,105.99992773294753,121776800
110.38519287109375,110.87944616652167,106.40695920907454,106.99569786453769,202428800
107.87550354003906,110.363351174005,107.07939259345517,109.90704232526846,198045600
109.44343566894531,110.46041967667294,106.79539443179243,109.31964772784534,212403600
106.1886215209961,109.20559017872704,105.9289127146506,108.70802360073796,187902400
109.71772766113281,109.97500693123462,107.0842483400898,107.27841885849969,165598000
111.65946197509766,112.66188375277733,110.60849386446708,111.09635710424106,210082000
111.55995178222656,111.64975583547505,109.75170820856059,111.48471014803833,165565200
111.26866912841797,112.70555595050736,110.64246299694389,112.68128278727484,119561600
112.19586181640625,112.62061629597079,110.68616274132592,111.02111317320909,105633600
112.33663940429688,113.74925328645519,112.24198368199546,112.6036294278006,145538000
114.829345703125,114.94342292138063,112.36091202603218,112.37790398361146,126907200
120.74678802490234,121.2297922134029,115.7759439895592,115.78807686989234,338054800
122.1909408569336,125.03316047656546,120.32687724435412,124.94820069131609,345937600
121.18850708007812,121.53316822878249,119.4676456893335,121.06472653687041,211495600
122.83656311035156,123.29287194891076,121.43851175938384,122.50404222890556,163022400
121.36811828613281,123.77101327398971,120.22491675397727,123.43849242247208,155552400
121.1715087890625,122.75887130249573,120.94820607750371,122.34139811689965,187630000
125.28072357177734,127.1836302061131,122.32929317534541,123.86326545477932,225702700
130.27099609375,130.87294402694218,126.72733558856538,128.89236599971812,151948100
127.57195281982422,133.96026120747115,123.30014277535787,133.5816235663219,200119000
117.3584213256836,125.08652314181086,116.98949446613267,123.2127566068483,257599600
117.43611145019531,120.09628586271513,107.65947772486805,116.57204011831335,332607200
109.53323364257812,115.52348229389389,109.39731283157245,110.63031087630355,231366600
113.90214538574219,115.66912348309229,111.90216122256825,113.84389572106855,176940500
110.18373107910156,116.98951312845449,109.22257449751976,116.85359229498353,182274400
108.73712921142578,111.8730336076421,106.79539476122176,111.2322576836528,180860300
111.99925994873047,112.55265405113641,109.51384186173257,111.377905426981,140150100
112.17400360107422,115.36815776085928,110.30022950147779,114.88272413305843,184642000
108.86334991455078,112.62060910915572,108.7759754111815,111.87304453196484,154679000
107.12547302246094,108.93128643390796,105.54296230474263,106.52354015673073,178011000
103.72747039794922,107.64977561825025,102.99931984136902,107.183763410032,287104900
106.87306213378906,106.97985811734019,100.09640588332402,101.49445700826324,195713800
108.55266571044922,109.57207929386054,105.97987340331184,109.39732289119372,183055400
103.99929809570312,108.84392339466623,103.65948864684648,108.36820053624751,150718700
105.06726837158203,107.03812795513899,101.94107424298952,102.10611991881453,167743300
109.00898742675781,109.16432976181966,104.53328824582925,105.27114952311253,149981400
111.61090850830078,111.96042134324223,109.49441741099088,111.65945483814875,137672400
110.76622772216797,111.95068681035575,110.26138007180892,111.21283312191778,99382200
112.4361572265625,113.84391947599966,110.30996254389598,110.47500823299629,142675200
113.38761138916016,114.29051842202628,112.45557951767428,114.21284724761975,116120400
109.7274169921875,112.00896103141628,108.95072761058432,109.60120691204848,144712000
113.10603332519531,113.25166489244758,110.2419779334605,110.59149073201426,106243800
109.86332702636719,112.73709281720426,108.97983439036447,112.3293229967493,161498200
111.7273941040039,112.1837028525209,110.80506586141273,111.28079610104412,96849000
111.62061309814453,113.00895361392693,111.25167878876417,112.86332203954677,83477200
113.56234741210938,113.59147224549314,111.57206651675105,111.92157933161523,100506900
120.7759017944336,121.53317715466372,115.80505821466257,116.56233357489269,240226800
117.572021484375,121.73704283997935,116.16426694681041,121.62053610441286,262330500
117.65939331054688,119.44578532679022,116.13513216796562,117.47492618014813,150712000
117.1933822631836,117.66910513115165,114.70796452850907,115.26135855246798,112559200
115.55261993408203,118.00892036442943,115.34873869497103,117.74678205190853,115393800
112.60118865966797,116.9118342796432,112.29051143113706,116.46523622657561,120639300
114.08661651611328,115.513792607474,112.2613812832418,112.81477533834804,124423700
113.46525573730469,115.25164788351834,113.05748587164362,113.27107784719725,89946000
112.37788391113281,114.60117079702067,111.2516743484804,114.02835526922215,101988000
111.68856811523438,113.15457972080071,110.95070693925585,112.99923740706663,82572600
111.69828796386719,113.15458894171616,109.59150025316038,110.688585063703,111850700
113.20314025878906,113.86333040398806,111.20315573383206,112.12547682460935,92276800
107.96044921875,112.06722147724142,107.86336396260268,111.69829454102945,143937800
111.9604263305664,113.52352341003616,108.93131742851756,109.09637051307503,146129200
105.68861389160156,108.72742584588708,104.58182577242385,107.82451896896531,190272600
105.60124206542969,107.45560232371076,104.19348732192323,105.93134082759394,122866900
107.22259521484375,108.24200151383607,105.56241289323033,106.46531984784082,107624400
111.60118865966797,112.22254311397377,109.07693526315951,110.81478854874675,138235500
115.56232452392578,116.13514003797306,113.46525517113334,114.513786143965,126387100
115.43103790283203,115.92702909027747,112.94132478624495,115.07119461202119,114457900
113.1261215209961,118.64043465344767,112.86353836131654,117.19134868504119,154515300
112.78573608398438,114.36124992222891,110.99625432436308,112.37727008295128,138023400
116.20906829833984,116.34522361614252,113.24281896631516,113.97222563450443,112295000
115.936767578125,117.22052312713384,115.31434109496367,116.33551348572685,103162300
115.98539733886719,116.38413582545107,114.63356412889462,116.16045525051373,81581900
116.99683380126953,117.66788289766848,114.90586651270257,115.65472076865481,91183000
116.11183166503906,117.35668469756249,115.69363815380922,116.26744200405916,74271000
114.78916931152344,116.53002096182686,114.75999422898965,115.35324564020682,76322100
115.38240051269531,115.79086643644071,113.60264659078032,114.36122828342401,74113000
114.11810302734375,115.50883872913519,114.06948036722605,115.38241090893905,73604300
110.72394561767578,114.39043445067523,110.6266928661709,113.96251344016258,127959300
112.0076904296875,112.66901946402936,109.49852961528087,110.78229252304031,113874200
112.8440933227539,113.54432503693381,112.0077062663623,112.37727712657373,76499200
113.38870239257812,114.26399194036229,113.02886649286769,113.36925481147574,46691300
115.78116607666016,117.64844554887398,113.6026659391683,113.75827627180732,169410200
119.35041046142578,120.07981729776607,116.71482131650541,117.68736376495913,127728200
119.70050048828125,119.98253862781858,117.57063061172147,118.66960066999447,89004200
119.56434631347656,120.38127824003541,118.85438720785504,120.1284151780445,78967600
118.89329528808594,119.48654668025314,118.18333614962214,119.23368360656494,78260400
120.35211181640625,121.14959622013072,118.89329833984375,118.95164850453536,86712000
120.9648208618164,121.54835223688058,119.7102402772839,120.95510078016575,82225500
118.43619537353516,122.49169482167979,117.67761359703715,121.11068659164964,115089200
119.85610961914062,120.46881600995408,116.85095750767795,117.1913458248472,81312200
119.04891204833984,119.38930038520903,117.23998269251022,119.06835963048555,86939800
118.43619537353516,119.9630864267169,118.20278730843776,119.2336797308675,79184500
124.36869812011719,124.3881531199314,120.72166474533367,120.92589772393254,157243700
124.30062866210938,124.84524997430788,123.08495079030278,123.91161767905837,98208600
125.16620635986328,126.02204843734285,124.52432480175362,125.36071187570329,94359800
123.18219757080078,125.55520289308356,122.65702389685748,125.41904757982878,192541500
124.70909881591797,124.78690398309315,120.0603476658836,121.58723882712805,121251600
128.25888061523438,130.71941139606707,126.09010064650239,127.99629004452623,168904800
127.3641586303711,128.79378229896713,127.18909328249408,128.53120653688052,88223700
128.34642028808594,129.79551379030826,127.5003131582361,127.71427367104259,54930100
132.9368133544922,133.56895993255333,129.84412103088945,130.3109520335808,124486200
131.16676330566406,134.979126993658,130.65131712079605,134.2594552546887,121047300
130.04835510253906,132.2560302372561,129.73713444926724,131.85728434018318,96452100
